cycle,day,moisture,temperature,humidity,light_hours,pot_size,days_since_water,next_moisture
0,0,60.23,21.38,63.34,7.51,12.0,0,53.98
0,1,53.98,25.06,55.37,7.94,12.0,1,45.78
0,2,45.78,25.25,59.96,7.28,12.0,2,38.5
0,3,38.5,24.82,59.67,5.33,12.0,3,33.13
0,4,33.13,22.0,69.86,3.13,12.0,4,26.9
0,5,26.9,20.54,37.55,7.13,12.0,5,19.53
0,6,19.53,20.36,71.14,5.3,12.0,6,15.36
1,0,69.28,21.79,34.63,4.0,12.0,0,64.19
1,1,64.19,19.94,70.69,3.97,12.0,1,59.41
1,2,59.41,29.88,53.52,2.19,12.0,2,51.48
1,3,51.48,25.62,50.37,5.86,12.0,3,42.23
1,4,42.23,21.78,50.71,5.43,12.0,4,35.3
1,5,35.3,26.97,40.86,7.15,12.0,5,26.91
1,6,26.91,19.36,32.27,2.54,12.0,6,22.29
2,0,64.99,21.15,58.39,7.01,16.0,0,58.82
2,1,58.82,22.4,71.19,3.81,16.0,1,54.02
2,2,54.02,20.05,48.73,2.18,16.0,2,51.01
2,3,51.01,29.75,43.04,2.71,16.0,3,42.99
2,4,42.99,22.62,49.29,5.76,16.0,4,37.44
2,5,37.44,26.53,38.41,4.53,16.0,5,32.08
2,6,32.08,29.41,42.08,6.46,16.0,6,24.39
3,0,73.02,26.32,57.44,6.03,20.0,0,66.9
3,1,66.9,28.11,71.62,4.13,20.0,1,61.47
3,2,61.47,21.66,42.89,6.88,20.0,2,57.34
3,3,57.34,21.33,31.45,7.1,20.0,3,50.3
3,4,50.3,23.21,43.73,3.23,20.0,4,45.8
3,5,45.8,20.67,40.76,4.61,20.0,5,41.09
3,6,41.09,21.31,54.38,4.21,20.0,6,35.77
4,0,60.98,24.93,42.39,5.17,20.0,0,54.56
4,1,54.56,21.75,41.94,7.98,20.0,1,48.8
4,2,48.8,23.5,53.53,6.98,20.0,2,42.83
4,3,42.83,28.51,42.14,6.21,20.0,3,35.27
4,4,35.27,26.27,34.45,4.57,20.0,4,28.62
4,5,28.62,23.94,57.69,5.89,20.0,5,24.15
4,6,24.15,26.71,44.05,6.32,20.0,6,16.58
5,0,61.35,25.32,46.4,6.05,16.0,0,54.56
5,1,54.56,25.67,49.86,7.52,16.0,1,47.16
5,2,47.16,25.87,69.66,7.56,16.0,2,39.43
5,3,39.43,22.79,62.88,3.49,16.0,3,36.11
5,4,36.11,23.04,39.45,4.38,16.0,4,30.35
5,5,30.35,26.06,65.27,6.04,16.0,5,23.44
5,6,23.44,26.3,62.11,6.11,16.0,6,16.77
6,0,64.58,26.1,42.26,4.79,16.0,0,57.27
6,1,57.27,29.11,49.93,3.71,16.0,1,50.09
6,2,50.09,25.04,65.76,3.32,16.0,2,44.49
6,3,44.49,29.17,30.06,5.82,16.0,3,37.27
6,4,37.27,27.6,69.31,4.65,16.0,4,30.65
6,5,30.65,19.82,57.26,5.04,16.0,5,26.27
6,6,26.27,27.69,31.96,4.67,16.0,6,18.99
7,0,58.84,23.8,45.9,5.83,12.0,0,52.11
7,1,52.11,24.34,63.2,2.28,12.0,1,45.62
7,2,45.62,20.12,49.19,2.58,12.0,2,42.07
7,3,42.07,29.59,66.15,4.58,12.0,3,33.48
7,4,33.48,29.89,69.22,2.77,12.0,4,25.74
7,5,25.74,20.24,66.14,6.36,12.0,5,21.46
7,6,21.46,29.34,35.37,3.37,12.0,6,13.55
8,0,63.92,23.02,44.59,5.02,12.0,0,57.49
8,1,57.49,29.37,35.15,4.32,12.0,1,48.01
8,2,48.01,25.52,41.2,4.7,12.0,2,39.75
8,3,39.75,23.04,41.01,2.81,12.0,3,33.84
8,4,33.84,25.46,58.0,7.51,12.0,4,25.56
8,5,25.56,20.99,57.02,4.0,12.0,5,19.04
8,6,19.04,19.89,68.09,4.62,12.0,6,14.33
9,0,61.82,19.09,60.04,7.73,12.0,0,55.02
9,1,55.02,29.77,69.26,5.44,12.0,1,46.81
9,2,46.81,21.31,54.6,3.64,12.0,2,42.73
9,3,42.73,26.82,55.04,3.87,12.0,3,35.3
9,4,35.3,22.37,39.46,5.81,12.0,4,27.68
9,5,27.68,20.2,36.92,6.88,12.0,5,20.59
9,6,20.59,20.62,49.78,4.87,12.0,6,14.42
10,0,65.7,20.66,42.28,6.35,16.0,0,59.87
10,1,59.87,23.27,32.51,4.17,16.0,1,53.8
10,2,53.8,20.31,64.9,7.69,16.0,2,48.15
10,3,48.15,28.93,42.77,4.48,16.0,3,40.99
10,4,40.99,20.8,65.11,2.62,16.0,4,37.6
10,5,37.6,22.79,64.47,7.05,16.0,5,33.18
10,6,33.18,23.7,45.2,2.24,16.0,6,28.09
11,0,68.04,22.28,44.12,7.38,20.0,0,62.6
11,1,62.6,25.31,59.7,2.06,20.0,1,57.54
11,2,57.54,24.76,40.03,6.62,20.0,2,51.32
11,3,51.32,27.12,32.29,3.32,20.0,3,45.26
11,4,45.26,22.9,50.33,4.22,20.0,4,40.95
11,5,40.95,19.16,59.9,3.29,20.0,5,37.93
11,6,37.93,24.17,40.38,7.24,20.0,6,31.32
12,0,72.51,20.38,34.71,3.75,16.0,0,66.81
12,1,66.81,22.52,63.45,5.0,16.0,1,61.01
12,2,61.01,22.75,42.98,5.61,16.0,2,55.22
12,3,55.22,19.06,68.3,7.3,16.0,3,49.35
12,4,49.35,28.77,59.62,2.9,16.0,4,43.29
12,5,43.29,19.47,46.93,2.54,16.0,5,39.7
12,6,39.7,29.45,42.77,6.69,16.0,6,32.08
13,0,72.66,21.71,64.27,6.59,16.0,0,67.42
13,1,67.42,24.97,46.27,6.31,16.0,1,61.08
13,2,61.08,19.67,46.07,5.12,16.0,2,56.93
13,3,56.93,23.66,53.76,7.88,16.0,3,52.12
13,4,52.12,21.41,66.67,6.99,16.0,4,47.2
13,5,47.2,20.62,42.92,5.37,16.0,5,41.4
13,6,41.4,25.26,70.01,3.97,16.0,6,36.57
14,0,69.4,24.89,70.09,5.05,16.0,0,63.62
14,1,63.62,23.1,30.34,2.51,16.0,1,57.69
14,2,57.69,21.22,34.05,2.01,16.0,2,52.24
14,3,52.24,19.71,68.72,7.83,16.0,3,46.15
14,4,46.15,20.84,44.18,3.12,16.0,4,41.62
14,5,41.62,25.32,52.14,2.38,16.0,5,36.56
14,6,36.56,24.18,39.31,5.19,16.0,6,31.1
15,0,66.67,23.02,30.05,3.27,20.0,0,61.82
15,1,61.82,23.99,42.1,2.4,20.0,1,56.2
15,2,56.2,25.11,56.76,3.11,20.0,2,50.56
15,3,50.56,29.39,32.78,7.72,20.0,3,42.95
15,4,42.95,20.36,72.81,7.8,20.0,4,37.22
15,5,37.22,27.76,31.68,3.72,20.0,5,32.99
15,6,32.99,22.19,32.12,4.96,20.0,6,27.91
16,0,63.64,27.68,66.73,7.09,20.0,0,56.58
16,1,56.58,23.87,43.2,2.6,20.0,1,51.76
16,2,51.76,28.8,46.02,2.3,20.0,2,47.35
16,3,47.35,29.75,61.23,6.92,20.0,3,40.24
16,4,40.24,27.03,52.22,6.5,20.0,4,34.0
16,5,34.0,21.73,35.33,2.9,20.0,5,28.85
16,6,28.85,25.92,56.85,5.24,20.0,6,24.09
17,0,69.85,19.1,70.05,3.7,20.0,0,65.93
17,1,65.93,22.36,43.77,2.78,20.0,1,61.61
17,2,61.61,22.66,50.74,3.44,20.0,2,57.52
17,3,57.52,25.44,67.8,3.32,20.0,3,52.69
17,4,52.69,19.9,39.02,3.07,20.0,4,49.75
17,5,49.75,27.64,33.04,5.67,20.0,5,42.61
17,6,42.61,22.29,44.94,4.3,20.0,6,37.09
18,0,65.96,26.31,51.01,3.55,16.0,0,60.37
18,1,60.37,26.94,45.44,5.86,16.0,1,53.07
18,2,53.07,29.96,61.41,5.39,16.0,2,45.96
18,3,45.96,22.38,68.8,5.59,16.0,3,41.38
18,4,41.38,22.47,40.33,4.26,16.0,4,35.07
18,5,35.07,28.54,48.42,5.25,16.0,5,27.09
18,6,27.09,24.31,54.91,5.83,16.0,6,19.03
19,0,59.76,25.08,58.01,6.43,20.0,0,54.85
19,1,54.85,20.36,70.32,6.16,20.0,1,51.12
19,2,51.12,21.07,45.43,2.42,20.0,2,47.32
19,3,47.32,28.28,53.86,3.79,20.0,3,41.05
19,4,41.05,29.75,68.71,7.84,20.0,4,34.39
19,5,34.39,19.41,68.9,3.7,20.0,5,30.37
19,6,30.37,20.35,59.41,6.19,20.0,6,25.16
20,0,70.63,27.98,56.07,6.52,16.0,0,63.62
20,1,63.62,21.2,62.04,6.76,16.0,1,57.9
20,2,57.9,23.47,60.29,4.92,16.0,2,51.66
20,3,51.66,29.64,32.19,5.96,16.0,3,43.34
20,4,43.34,19.79,62.9,4.29,16.0,4,39.49
20,5,39.49,20.03,70.17,5.87,16.0,5,36.13
20,6,36.13,19.88,55.82,3.95,16.0,6,31.6
21,0,69.3,21.25,39.81,2.06,16.0,0,63.35
21,1,63.35,28.29,71.66,5.31,16.0,1,56.6
21,2,56.6,20.29,65.29,6.67,16.0,2,50.56
21,3,50.56,24.54,72.38,2.36,16.0,3,45.06
21,4,45.06,28.08,34.08,7.33,16.0,4,36.23
21,5,36.23,25.33,50.86,2.09,16.0,5,30.73
21,6,30.73,19.93,35.64,7.01,16.0,6,25.11
22,0,63.0,26.96,30.28,3.54,16.0,0,55.66
22,1,55.66,19.26,57.33,5.32,16.0,1,51.41
22,2,51.41,24.45,38.9,6.52,16.0,2,45.5
22,3,45.5,24.06,44.28,6.17,16.0,3,38.5
22,4,38.5,26.69,32.25,5.67,16.0,4,31.37
22,5,31.37,29.0,70.87,5.71,16.0,5,25.37
22,6,25.37,22.78,46.37,4.09,16.0,6,19.46
23,0,67.7,24.68,72.67,2.87,12.0,0,62.25
23,1,62.25,29.61,58.23,5.47,12.0,1,54.33
23,2,54.33,26.23,42.78,3.8,12.0,2,46.24
23,3,46.24,21.24,38.31,2.58,12.0,3,40.52
23,4,40.52,23.57,69.72,2.64,12.0,4,35.21
23,5,35.21,26.58,59.42,5.82,12.0,5,27.82
23,6,27.82,28.07,39.32,5.19,12.0,6,19.85
24,0,60.63,25.01,35.29,3.35,20.0,0,55.64
24,1,55.64,29.04,55.4,2.88,20.0,1,49.21
24,2,49.21,28.89,72.35,2.3,20.0,2,43.61
24,3,43.61,21.11,64.47,6.46,20.0,3,38.61
24,4,38.61,27.77,59.29,4.98,20.0,4,32.24
24,5,32.24,28.81,59.72,3.78,20.0,5,26.92
24,6,26.92,29.31,66.35,4.24,20.0,6,20.34
25,0,63.23,22.13,66.11,3.9,16.0,0,57.27
25,1,57.27,21.33,45.39,6.45,16.0,1,52.07
25,2,52.07,27.6,52.61,7.16,16.0,2,45.13
25,3,45.13,22.37,45.24,5.49,16.0,3,39.14
25,4,39.14,27.49,54.48,5.49,16.0,4,31.63
25,5,31.63,27.7,65.25,4.04,16.0,5,25.85
25,6,25.85,25.78,54.02,4.26,16.0,6,20.91
26,0,59.22,21.9,43.19,2.91,12.0,0,54.35
26,1,54.35,24.47,43.1,5.55,12.0,1,45.93
26,2,45.93,21.51,39.48,6.66,12.0,2,38.33
26,3,38.33,25.53,35.91,4.15,12.0,3,30.9
26,4,30.9,27.82,71.3,6.07,12.0,4,22.54
26,5,22.54,22.79,65.89,6.56,12.0,5,16.57
26,6,16.57,26.98,43.89,3.81,12.0,6,8.72
27,0,70.2,23.83,71.7,6.31,20.0,0,64.82
27,1,64.82,22.25,48.36,2.9,20.0,1,61.08
27,2,61.08,21.2,58.27,5.67,20.0,2,55.71
27,3,55.71,26.02,51.61,3.41,20.0,3,50.74
27,4,50.74,21.41,36.36,4.49,20.0,4,46.36
27,5,46.36,26.49,53.84,3.95,20.0,5,41.22
27,6,41.22,24.93,60.54,7.91,20.0,6,34.23
28,0,58.79,28.06,34.49,3.42,20.0,0,52.68
28,1,52.68,23.48,34.63,2.81,20.0,1,48.17
28,2,48.17,25.55,41.82,3.88,20.0,2,41.91
28,3,41.91,23.21,46.21,4.88,20.0,3,35.99
28,4,35.99,27.9,66.89,4.05,20.0,4,30.68
28,5,30.68,27.04,42.34,4.21,20.0,5,24.1
28,6,24.1,26.68,34.39,7.06,20.0,6,16.85
29,0,59.07,22.44,49.22,3.87,20.0,0,54.09
29,1,54.09,29.83,61.1,2.89,20.0,1,47.32
29,2,47.32,20.04,49.65,7.82,20.0,2,41.68
29,3,41.68,21.1,56.55,7.62,20.0,3,36.69
29,4,36.69,28.69,33.18,2.8,20.0,4,30.37
29,5,30.37,28.06,52.31,4.51,20.0,5,23.88
29,6,23.88,28.32,45.04,2.78,20.0,6,18.17
30,0,62.2,27.35,50.89,7.53,16.0,0,55.21
30,1,55.21,22.97,70.5,3.34,16.0,1,50.44
30,2,50.44,26.91,48.9,6.9,16.0,2,44.33
30,3,44.33,29.85,45.88,7.77,16.0,3,35.15
30,4,35.15,21.51,42.75,3.17,16.0,4,30.67
30,5,30.67,21.3,35.57,5.61,16.0,5,24.95
30,6,24.95,19.93,46.04,5.19,16.0,6,19.64
31,0,70.77,23.2,67.53,4.31,12.0,0,65.01
31,1,65.01,27.59,47.11,5.09,12.0,1,55.65
31,2,55.65,22.09,42.22,7.58,12.0,2,48.23
31,3,48.23,28.57,41.19,2.55,12.0,3,40.99
31,4,40.99,20.17,33.69,2.43,12.0,4,35.28
31,5,35.28,26.64,51.44,2.64,12.0,5,28.47
31,6,28.47,20.83,53.12,2.97,12.0,6,23.58
32,0,70.08,20.67,60.93,4.18,12.0,0,65.45
32,1,65.45,22.21,65.63,6.13,12.0,1,59.05
32,2,59.05,27.11,40.23,3.8,12.0,2,51.83
32,3,51.83,27.56,39.87,7.04,12.0,3,42.2
32,4,42.2,28.01,39.38,3.41,12.0,4,33.95
32,5,33.95,27.24,69.19,7.72,12.0,5,24.94
32,6,24.94,21.54,34.15,5.53,12.0,6,17.6
33,0,60.32,28.08,38.14,7.77,20.0,0,52.14
33,1,52.14,22.63,62.3,7.0,20.0,1,46.52
33,2,46.52,25.99,38.47,4.13,20.0,2,40.58
33,3,40.58,22.57,66.67,2.95,20.0,3,35.77
33,4,35.77,26.89,55.5,5.13,20.0,4,28.92
33,5,28.92,21.2,70.9,5.25,20.0,5,24.02
33,6,24.02,22.27,58.66,2.27,20.0,6,20.32
34,0,65.15,24.38,72.41,7.74,16.0,0,57.7
34,1,57.7,21.96,50.83,7.26,16.0,1,51.44
34,2,51.44,19.22,70.7,5.92,16.0,2,45.85
34,3,45.85,19.31,65.69,2.26,16.0,3,41.9
34,4,41.9,21.37,31.27,6.8,16.0,4,34.48
34,5,34.48,22.86,48.48,5.91,16.0,5,28.73
34,6,28.73,22.07,53.42,6.06,16.0,6,23.01
35,0,71.34,22.47,59.28,2.26,16.0,0,66.67
35,1,66.67,29.61,70.53,5.9,16.0,1,60.0
35,2,60.0,26.14,66.96,7.24,16.0,2,53.2
35,3,53.2,21.97,59.33,5.07,16.0,3,48.08
35,4,48.08,21.43,47.65,4.16,16.0,4,43.85
35,5,43.85,21.89,34.14,6.5,16.0,5,37.82
35,6,37.82,24.46,52.12,5.03,16.0,6,32.1
36,0,59.91,26.16,50.06,4.42,16.0,0,54.76
36,1,54.76,19.18,42.93,2.41,16.0,1,50.74
36,2,50.74,20.21,54.71,6.4,16.0,2,44.73
36,3,44.73,28.69,70.28,5.43,16.0,3,38.09
36,4,38.09,22.64,46.14,3.73,16.0,4,32.76
36,5,32.76,27.83,59.19,7.7,16.0,5,26.27
36,6,26.27,19.01,36.88,2.88,16.0,6,22.29
37,0,73.19,24.23,70.03,4.62,12.0,0,66.12
37,1,66.12,25.9,51.87,3.34,12.0,1,59.2
37,2,59.2,29.15,39.02,4.41,12.0,2,51.09
37,3,51.09,24.15,54.96,6.66,12.0,3,43.15
37,4,43.15,28.61,48.26,4.85,12.0,4,34.8
37,5,34.8,22.59,62.64,5.67,12.0,5,28.77
37,6,28.77,28.96,30.16,5.42,12.0,6,19.43
38,0,60.66,26.34,62.94,3.66,16.0,0,53.91
38,1,53.91,19.35,62.73,7.95,16.0,1,47.68
38,2,47.68,22.36,34.54,4.45,16.0,2,42.31
38,3,42.31,25.63,38.27,7.7,16.0,3,35.44
38,4,35.44,21.53,34.72,7.48,16.0,4,28.97
38,5,28.97,25.46,49.13,4.3,16.0,5,23.21
38,6,23.21,29.33,35.63,6.37,16.0,6,15.78
39,0,64.15,29.54,48.39,3.99,12.0,0,56.37
39,1,56.37,22.58,65.16,7.25,12.0,1,50.3
39,2,50.3,23.4,37.56,6.64,12.0,2,42.07
39,3,42.07,20.49,61.98,6.39,12.0,3,35.82
39,4,35.82,24.72,37.22,6.85,12.0,4,27.14
39,5,27.14,24.69,57.57,6.89,12.0,5,19.79
39,6,19.79,22.42,34.72,5.52,12.0,6,13.85
40,0,64.81,26.04,53.52,5.6,16.0,0,58.25
40,1,58.25,28.66,72.08,2.97,16.0,1,52.06
40,2,52.06,22.08,72.69,7.83,16.0,2,46.24
40,3,46.24,23.09,71.86,3.4,16.0,3,41.01
40,4,41.01,26.33,48.25,4.84,16.0,4,35.57
40,5,35.57,22.17,63.48,7.62,16.0,5,29.75
40,6,29.75,29.17,49.27,6.57,16.0,6,21.35
41,0,67.14,28.51,59.84,4.51,16.0,0,61.82
41,1,61.82,26.08,57.46,4.73,16.0,1,56.02
41,2,56.02,26.11,37.29,3.49,16.0,2,49.68
41,3,49.68,23.24,58.83,6.59,16.0,3,43.45
41,4,43.45,20.93,45.39,7.76,16.0,4,36.55
41,5,36.55,20.31,58.77,3.04,16.0,5,32.73
41,6,32.73,27.43,71.32,2.02,16.0,6,27.77
